received bytes,received packets,sent bytes,sent packets,received bytes per seconds,received packets per seconds,sent bytes per seconds,sent packets per seconds,bytes ratio,packets ratio,bytes per packet
8252190,119337,296351556,242813,4126.095,59.6685,148175.778,121.4065,0.027845947938940466,0.4914769802275825,1220.4929554842615
324664204,382508,299475860,360209,162332.102,191.254,149737.93,180.1045,1.0841080947225596,1.0619057269529635,831.3947180664559
324269586,382537,299178662,360182,162134.793,191.2685,149589.331,180.091,1.0838660211669775,1.0620658444897302,830.6319083130195
324577447,382222,298551261,359715,162288.7235,191.111,149275.6305,179.8575,1.087174932414705,1.0625689782188676,829.9661148409157
324371246,381707,298228732,359527,162185.623,190.8535,149114.366,179.7635,1.0876592735538304,1.0616921677648687,829.5030192447299
324561155,381781,297888578,358657,162280.5775,190.8905,148944.289,179.3285,1.0895387704324804,1.0644738566374001,830.5667476168038
8199688,118056,295104628,240776,4099.844,59.028,147552.314,120.388,0.027785697755983683,0.49031464930059476,1225.639714921753
324608243,382366,293917234,359601,162304.1215,191.183,146958.617,179.8005,1.1044205832448737,1.0633062755665308,817.34264921399
8164004,117705,293124293,240247,4082.002,58.8525,146562.1465,120.1235,0.02785167996976627,0.48993327700241834,1220.0955391742664
324490511,381493,296954453,358101,162245.2555,190.7465,148477.2265,179.0505,1.092728220512659,1.0653223531908596,829.2477625027576
324186889,381161,297002555,358059,162093.4445,190.5805,148501.2775,179.0295,1.0915289567121738,1.0645200930572893,829.4793735110694
7549234,108605,271787716,224229,3774.617,54.3025,135893.858,112.1145,0.02777621487499457,0.4843485900574859,1212.0988632157303
7832175,113093,283811586,232365,3916.0875,56.5465,141905.793,116.1825,0.027596389246773035,0.4867041077614959,1221.4041959847652
7598315,109693,274122907,226414,3799.1575,54.8465,137061.4535,113.207,0.027718643010013023,0.4844797583188319,1210.7153577075624
323107621,372806,281827482,347739,161553.8105,186.403,140913.741,173.8695,1.1464730788745436,1.0720856734504902,810.4569289035742
324044620,379225,293335222,355719,162022.31,189.6125,146667.611,177.8595,1.104690455481681,1.0660802487356593,824.6262414996106
323908173,379052,294086213,356034,161954.0865,189.526,147043.1065,178.017,1.1014055017941287,1.064651128824775,826.0059797659774
8211942,118430,297097894,241563,4105.971,59.215,148548.947,120.7815,0.0276405257857533,0.490265479398749,1229.8981797709087
324378376,382301,300252453,360013,162189.188,191.1505,150126.2265,180.0065,1.0803521262156017,1.0619088755128288,834.0044748384087
324595547,382621,300239249,360286,162297.7735,191.3105,150119.6245,180.143,1.0811229647060567,1.061992417135276,833.3358748327718
324611019,382518,300546585,360212,162305.5095,191.259,150273.2925,180.106,1.0800688984704319,1.0619246443760897,834.360279502071
324575342,382312,300839160,360463,162287.671,191.156,150419.58,180.2315,1.0788999078444441,1.0606137106998499,834.5909566307777
324472495,382472,300340122,360547,162236.2475,191.236,150170.061,180.2735,1.080350147157495,1.0608103797840502,833.012400602418
324525166,382413,300798706,360311,162262.583,191.2065,150399.353,180.1555,1.078878198365654,1.0613414522454214,834.8307600933638
324352586,382280,300556001,360347,162176.293,191.14,150278.0005,180.1735,1.0791752116771076,1.0608663316192448,834.0738260621013
324575300,382777,300848870,360430,162287.65,191.3885,150424.435,180.215,1.0788649463765645,1.0620009433177038,834.6943095746747
324480275,382020,299434344,359772,162240.1375,191.01,149717.172,179.886,1.0836441493832116,1.0618391648043761,832.2891831493279
324454996,382070,299803097,359692,162227.498,191.035,149901.5485,179.846,1.0822269657874815,1.0622143389344216,833.4994856710741
324434140,382063,299277597,359679,162217.07,191.0315,149638.7985,179.8395,1.084057554765785,1.0622332691094003,832.0685861559891
8221520,118603,296345003,241802,4110.76,59.3015,148172.5015,120.901,0.02774306945206024,0.4904963565231057,1225.568866262479
324484748,382233,299522082,359538,162242.374,191.1165,149761.041,179.769,1.0833416549234591,1.0631226740984263,833.074896116683
324386773,382065,299805928,359487,162193.3865,191.0325,149902.964,179.7435,1.0819891893531872,1.0628061654524363,833.9826697488365
324591685,382131,299329086,359476,162295.8425,191.0655,149664.543,179.738,1.0843974080086558,1.0630222879969733,832.6816978045822
8193739,118605,296040089,241397,4096.8695,59.3025,148020.0445,120.6985,0.027677802110105433,0.4913275641370854,1226.3619224762529
324499442,381618,298039627,358644,162249.721,190.809,149019.8135,179.322,1.0887795199126322,1.0640579516177602,831.0180206555805
324439772,381135,298514778,358286,162219.886,190.5675,149257.389,179.143,1.086846601611127,1.0637730751410883,833.1745532898299
851633,12004,32450715,63144,425.8165,6.002,16225.3575,31.572,0.026243890157736125,0.19010515646775625,513.9160490307868
804998,11235,30275147,62003,402.499,5.6175,15137.5735,31.0015,0.026589400210013846,0.18120090963340482,488.28519587761883
314636145,303520,162788196,267564,157318.0725,151.76,81394.098,133.782,1.9327945927971337,1.1343828018717017,608.4084405973898
303077512,230407,38830660,183496,151538.756,115.2035,19415.33,91.748,7.8051084375078865,1.2556513493482147,211.6158390373632
863596,11973,31689863,62055,431.798,5.9865,15844.9315,31.0275,0.02725149048451235,0.19294174522600918,510.6738054951253
310934914,290655,142230011,253515,155467.457,145.3275,71115.0055,126.7575,2.186141390370841,1.1465002070883379,561.0319349939846
310949076,290362,142963222,253221,155474.538,145.181,71481.611,126.6105,2.175028455919943,1.1466742489761907,564.5788540444908
314757206,317402,188231827,284425,157378.603,158.701,94115.9135,142.2125,1.6721784568345075,1.1159426913949195,661.7977568779115
319714204,350268,245479376,322941,159857.102,175.134,122739.688,161.4705,1.3024075961477106,1.0846191719230447,760.1369166504098
321671502,363512,267095938,337970,160835.751,181.756,133547.969,168.985,1.2043294421048065,1.075574755155783,790.2948131490961
857246,11683,31478955,62858,428.623,5.8415,15739.4775,31.429,0.027232352535209635,0.1858633745903465,500.79472779916637
318465763,342768,232065370,314271,159232.8815,171.384,116032.685,157.1355,1.3723105821432986,1.0906765180369808,738.4243853234947
317796697,336571,221701518,307228,158898.3485,168.2855,110850.759,153.614,1.4334439378985218,1.0955088728891897,721.6188563542386
316803872,330557,210295353,299756,158401.936,165.2785,105147.6765,149.878,1.5064711011469665,1.1027535729059634,701.5551081546324
321474016,363517,267627532,338337,160737.008,181.7585,133813.766,169.1685,1.2011993444680422,1.0744228387672645,791.0087634518246
322699920,370172,278369138,345847,161349.96,185.086,139184.569,172.9235,1.1592517845854018,1.070334569910972,804.891000933939
323539614,375603,288475034,352298,161769.807,187.8015,144237.517,176.149,1.1215515239353433,1.0661513832039922,818.8381256776934
324517565,382293,299054186,359697,162258.7825,191.1465,149527.093,179.8485,1.0851463721026129,1.0628195397793143,831.4058388032149
324710997,382221,299333587,359905,162355.4985,191.1105,149666.7935,179.9525,1.084779694301395,1.0620052513857823,831.7016629388311
8196123,118163,295725663,241009,4098.0615,59.0815,147862.8315,120.5045,0.02771529165529337,0.4902845951810928,1227.0316170765407
324350319,382038,298699954,359347,162175.1595,191.019,149349.977,179.6735,1.0858733476738331,1.0631450937394775,831.2298530389846
324406114,381559,298375061,358530,162203.057,190.7795,149187.5305,179.265,1.0872427236805826,1.064231723984046,832.2178367221711
821727,11751,29485766,61867,410.8635,5.8755,14742.883,30.9335,0.027868599377747216,0.18993970937656585,476.59925323678215
318429458,341804,229670125,312773,159214.729,170.902,114835.0625,156.3865,1.3864644258803795,1.0928181140955262,734.3029129752249
5906094,85379,214919691,186283,2953.047,42.6895,107459.8455,93.1415,0.027480469437302514,0.45832953087506645,1153.726808136008
316728743,328755,207629514,297467,158364.3715,164.3775,103814.757,148.7335,1.5254514490651845,1.1051814150813368,697.9917570688514
321467159,361728,264013464,335700,160733.5795,180.864,132006.732,167.85,1.217616534132517,1.0775335120643432,786.4565504915103
322684152,368752,275789884,343694,161342.076,184.376,137894.942,171.847,1.170036214961387,1.0729078773560201,802.4285672720501
7849963,113542,283894009,233158,3924.9815,56.771,141947.0045,116.579,0.027651034368957043,0.4869744979799106,1217.603552097719
8216155,118379,296703473,241326,4108.0775,59.1895,148351.7365,120.663,0.027691468916509785,0.49053562401067435,1229.4716400222105
324525662,381958,298909011,359160,162262.831,190.979,149454.5055,179.58,1.0857004976674993,1.0634758881835393,832.24471266288
324549567,381879,299327046,358719,162274.7835,190.9395,149663.523,179.3595,1.0842640895203302,1.064563070258336,834.433208165723
324410966,381640,298927532,359091,162205.483,190.82,149463.766,179.5455,1.0852495380050842,1.0627946676469195,832.4562074794411
862278,12105,31333243,61555,431.139,6.0525,15666.6215,30.7775,0.027519589976690254,0.19665339939891155,509.0283973682073
318604493,343046,231914558,314507,159302.2465,171.523,115957.279,157.2535,1.3738011781045674,1.0907420184606385,737.3907671371385
317847783,336641,221432982,307377,158923.8915,168.3205,110716.491,153.6885,1.4354130090701664,1.0952055618995566,720.3954167032666
316499692,329952,210772918,299404,158249.846,164.976,105386.459,149.702,1.5016146049655203,1.1020293650051436,703.9749569144033
321650603,363460,267839054,338160,160825.3015,181.73,133919.527,169.08,1.200910017401719,1.0748166548379465,792.048302578661
322500824,369851,278559382,346123,161250.412,184.9255,139279.691,173.0615,1.1577453312988755,1.0685536644487654,804.7988200726331
323461010,375773,288685990,352567,161730.505,187.8865,144342.995,176.2835,1.1204596731555971,1.0658201136237935,818.8117152200858
324483987,382419,300252368,360253,162241.9935,191.2095,150126.184,180.1265,1.0807041728310365,1.0615289810216708,833.4486263820148
324583894,382089,299416251,359516,162291.947,191.0445,149708.1255,179.758,1.084055701438864,1.0627871916687992,832.8315040220741
324432157,381751,299086516,359270,162216.0785,190.8755,149543.258,179.635,1.0847435094666722,1.062574108609124,832.4839702730537
324574698,381688,298419638,358918,162287.349,190.844,149209.819,179.459,1.0876452373419205,1.0634406744716063,831.4423851687573
8179616,118234,296302926,241033,4089.808,59.117,148151.463,120.5165,0.027605586318104735,0.49053034231827175,1229.3043940041405
324666712,382184,299760479,359510,162333.356,191.092,149880.2395,179.755,1.083087113695198,1.0630691774915857,833.8028956079107
805404,11544,31085350,62454,402.702,5.772,15542.675,31.227,0.02590943965565773,0.18484004227111153,497.7319307009959
318630361,342890,232241375,314056,159315.1805,171.445,116120.6875,157.028,1.3719793081659115,1.0918116514252236,739.4903297501082
317845673,337192,221575830,307425,158922.8365,168.596,110787.915,153.7125,1.4344780881560955,1.096826868341872,720.747596974872
316719479,329960,210269641,299326,158359.7395,164.98,105134.8205,149.663,1.5062539579834067,1.1023432645343205,702.4770350721287
321755077,362956,267823624,337452,160877.5385,181.478,133911.812,168.726,1.2013692899622626,1.075578156300748,793.6643552268174
322712731,369651,277861350,345043,161356.3655,184.8255,138930.675,172.5215,1.1614164078595315,1.0713186472410685,805.2948473088861
768187,10767,30172624,61369,384.0935,5.3835,15086.312,30.6845,0.025459734625665968,0.17544688686470367,491.6590460981929
318685168,342753,232084542,314626,159342.584,171.3765,116042.271,157.313,1.3731425852567123,1.0893982061240965,737.6521393654689
317778436,336711,221499128,307224,158889.218,168.3555,110749.564,153.612,1.4346712732882632,1.0959788297789235,720.9694815509205
316836325,330401,210816384,300135,158418.1625,165.2005,105408.192,150.0675,1.502901809567135,1.1008412880870275,702.4051976610525
321646627,363412,267286349,338017,160823.3135,181.706,133643.1745,169.0085,1.203378429924979,1.075129357399184,790.7482434315434
322481450,369376,278318592,345252,161240.725,184.688,139159.296,172.626,1.1586773549069982,1.0698735995736448,806.1317298668798
323686581,376497,289745755,353377,161843.2905,188.2485,144872.8775,176.6885,1.1171400285053357,1.065425876613362,819.9338242160638
324357431,381758,300543702,359928,162178.7155,190.879,150271.851,179.964,1.079235495009641,1.0606510190927074,835.0106187904247
324398892,382310,300706233,360518,162199.446,191.155,150353.1165,180.259,1.0787900495564386,1.0604463577408063,834.0949217514798
324384096,381615,299377599,359205,162192.048,190.8075,149688.7995,179.6025,1.0835282836241866,1.0623877729987055,833.4449659665094
324352300,381961,297329011,359242,162176.15,190.9805,148664.5055,179.621,1.090886822342405,1.0632414918077508,827.6565963890637
324661013,382381,298085138,359629,162330.5065,191.1905,149042.569,179.8145,1.089155317096017,1.063265198301583,828.8684672259467
7627406,109763,270829337,210305,3813.703,54.8815,135414.6685,105.1525,0.028163145412861974,0.5219229214711966,1287.7931432918856
213354417,296939,283356548,291663,106677.2085,148.4695,141678.274,145.8315,0.7529538967986016,1.0180893702663691,971.5203779704659
213633062,300343,288696022,295390,106816.531,150.1715,144348.011,147.695,0.7399930921112589,1.0167676630894749,977.3385084126071
214035026,301107,290343305,296204,107017.513,150.5535,145171.6525,148.102,0.7371791335088647,1.016552781191341,980.2139910332069
213987971,301568,290832597,297034,106993.9855,150.784,145416.2985,148.517,0.7357771212970327,1.01526424584391,979.1222452648518
214024425,301186,290178722,296029,107012.2125,150.593,145089.361,148.0145,0.7375607126700351,1.0174205905502502,980.2374834897932
8134903,116822,289594071,222013,4067.4515,58.411,144797.0355,111.0065,0.028090709771471805,0.5261944120389347,1304.4014134307452
214011846,301345,286328009,296597,107005.923,150.6725,143164.0045,148.2985,0.7474359450458093,1.0160082536236037,965.3772930946706
853975,11627,28304602,44577,426.9875,5.8135,14152.301,22.2885,0.03017088881871577,0.2608295757902057,634.9597774637144
209850044,260906,218796176,248622,104925.022,130.453,109398.088,124.311,0.9591120276251994,1.0494083387632631,880.0354594525022
208772334,253634,206192793,240039,104386.167,126.817,103096.3965,120.0195,1.0125103354121596,1.0566366298809777,858.9970504792971
5350961,76818,191649730,155102,2675.4805,38.409,95824.865,77.551,0.027920524594529823,0.4952740777037047,1235.636742272827
7050799,101233,252184741,195933,3525.3995,50.6165,126092.3705,97.9665,0.027958864489743256,0.5166715152628705,1287.0968188105116
7442394,106778,264737030,204950,3721.197,53.389,132368.515,102.475,0.02811240271147561,0.5209953647231031,1291.7151988289827
212755711,294279,278174119,287632,106377.8555,147.1395,139087.0595,143.816,0.7648292794629108,1.0231093897758248,967.1181196807031
213859272,301504,290817901,296375,106929.636,150.752,145408.9505,148.1875,0.7353717610388777,1.0173057781526782,981.2497714044707
213995524,301461,291417657,296569,106997.762,150.7305,145708.8285,148.2845,0.7343258682503236,1.016495318121584,982.6302041009006
854055,11883,29094530,46730,427.0275,5.9415,14547.265,23.365,0.02935448690870758,0.25429060560667666,622.6092445966189
210340974,264460,225971470,253261,105170.487,132.23,112985.735,126.6305,0.9308297812993827,1.0442192046939718,892.2474048511219
193853092,152202,32708228,123031,96926.546,76.101,16354.114,61.5155,5.926737822666516,1.237102843998667,265.85354910551
192822650,152203,33354068,123317,96411.325,76.1015,16677.034,61.6585,5.78108343486018,1.2342418320264035,270.47420874656376
202050475,221199,153505495,203869,101025.2375,110.5995,76752.7475,101.9345,1.316242620500328,1.0850055673005705,752.9614360201895
201374735,216179,145428882,198242,100687.3675,108.0895,72714.441,99.121,1.3846956136264597,1.0904803220306494,733.5926897428395
205459793,244010,193330797,230475,102729.8965,122.005,96665.3985,115.2375,1.0627370092515576,1.0587265430090032,838.8363032866905
210051269,275568,248006526,267270,105025.6345,137.784,124003.263,133.635,0.846958636080407,1.0310472555842407,927.9250420922663
211731773,286464,266748466,279904,105865.8865,143.232,133374.233,139.952,0.7937506677170545,1.0234366068366296,952.9998356579399
213163766,296282,283177558,291036,106581.883,148.141,141588.779,145.518,0.7527565655467655,1.0180252614796794,972.998385079509
214100595,301704,291627375,296938,107050.2975,150.852,145813.6875,148.469,0.7341580844390895,1.0160504886541972,982.1153742532111
194577921,151930,31276604,122937,97288.9605,75.965,15638.302,61.4685,6.221197192636387,1.2358362413268584,254.4116417351977
748670,10113,24051775,43394,374.335,5.0565,12025.8875,21.697,0.031127432382849082,0.23305065216389362,554.2649905516892
204095559,220764,150437466,202263,102047.7795,110.382,75218.733,101.1315,1.356680383063618,1.0914700167603566,743.7715548567953
192765125,151349,32554914,122499,96382.5625,75.6745,16277.457,61.2495,5.921229741230464,1.2355121266296052,265.7565694413832
200145851,208502,131595980,188816,100072.9255,104.251,65797.99,94.408,1.5209115886366742,1.1042602321837132,696.9535420727057
4986035,71149,177950609,145879,2493.0175,35.5745,88975.3045,72.9395,0.028019207284646044,0.4877261291892596,1219.8507598763358
205541625,244755,193738004,230608,102770.8125,122.3775,96869.002,115.304,1.060925687042796,1.0613465274405052,840.1183133282453
210370099,277475,250100991,268574,105185.0495,138.7375,125050.4955,134.287,0.8411406054764493,1.033141703962409,931.2181782302084
402731,5122,11435017,34903,201.3655,2.561,5717.5085,17.4515,0.03521909936819508,0.14674956307480733,327.622754491018
336199,3857,9102403,32926,168.0995,1.9285,4551.2015,16.463,0.03693519172904122,0.1171414687481018,276.4503128226933
200689902,196383,107846890,174040,100344.951,98.1915,53923.445,87.02,1.8608779724663362,1.1283785336704206,619.6672603999081
190837512,140545,14439960,110114,95418.756,70.2725,7219.98,55.057,13.215930792052056,1.2763590460795176,131.13645857929055
312625,3524,9035645,32310,156.3125,1.762,4517.8225,16.155,0.03459907953444386,0.10906839987619932,279.6547508511297
193270190,159181,47126893,131844,96635.095,79.5905,23563.4465,65.922,4.1010594524022626,1.2073435271988107,357.44435089954794
191642519,148152,27671459,118995,95821.2595,74.076,13835.7295,59.4975,6.9256383987559165,1.2450271019790748,232.54303962351358
192229067,152021,33963677,123437,96114.5335,76.0105,16981.8385,61.7185,5.65984263129107,1.2315675202735,275.14989022740343
192999178,157511,44252753,129830,96499.589,78.7555,22126.3765,64.915,4.361292008205681,1.213209581760764,340.851521220057
193543153,161263,49575546,134031,96771.5765,80.6315,24787.773,67.0155,3.9040044662342197,1.2031768769911437,369.8811916646149
308584,3853,9033642,32738,154.292,1.9265,4516.821,16.369,0.03415942318723722,0.1176919787403018,275.9375038181929
193879599,164799,56510832,138395,96939.7995,82.3995,28255.416,69.1975,3.430839577799881,1.1907872394233896,408.33001192239607
194936573,171054,67515620,145629,97468.2865,85.527,33757.81,72.8145,2.8872810913978126,1.1745874791422037,463.61384064987055
195716220,176796,76518271,152174,97858.11,88.398,38259.1355,76.087,2.5577710714346904,1.1618016218276446,502.8340649519629
198417677,195590,109981362,174358,99208.8385,97.795,54990.681,87.179,1.8041027442449749,1.1217724451989584,630.77898347079
200138064,207478,129912648,188081,100069.032,103.739,64956.324,94.0405,1.5405587298936436,1.1031310977717048,690.7271228885427
201771200,218055,147778842,200011,100885.6,109.0275,73889.421,100.0055,1.3653591899170519,1.0902150381729006,738.853573053482
203789472,231815,171085240,216214,101894.736,115.9075,85542.62,108.107,1.1911575305970288,1.072155364592487,791.2773455927924
205294654,242176,189657712,227970,102647.327,121.088,94828.856,113.985,1.0824482265187296,1.0623152169145063,831.9415361670395
5796812,83344,207857392,166156,2898.406,41.672,103928.696,83.078,0.02788840918392741,0.5016009051734515,1250.9773465899516
208879907,267914,233609898,257573,104439.9535,133.957,116804.949,128.7865,0.8941397979635264,1.0401478415827745,906.9657844572218
210779488,279903,253596380,271151,105389.744,139.9515,126798.19,135.5755,0.8311612649991297,1.0322772182289572,935.2588778946049
300963,3627,9093090,32810,150.4815,1.8135,4546.545,16.405,0.03309798979224884,0.11054556537640964,277.1438585797013
205512366,243602,191157362,229683,102756.183,121.801,95578.681,114.8415,1.0750952191943306,1.0606009151743925,832.2660449402002
4588951,65624,164668326,136952,2294.4755,32.812,82334.163,68.476,0.027867842659674576,0.4791751854664408,1202.3798557158711
200347235,207505,129448844,187553,100173.6175,103.7525,64724.422,93.7765,1.5476942768218154,1.106380596418079,690.1987384899202
203492552,230158,168038057,213714,101746.276,115.079,84019.0285,106.857,1.2109908650038723,1.0769439531336271,786.2753820526498
202892698,225496,160311376,208529,101446.349,112.748,80155.688,104.2645,1.265616346528022,1.0813651818212335,768.772573598876
4440951,63218,158543289,132711,2220.4755,31.609,79271.6445,66.3555,0.02801096803283802,0.47635840284528036,1194.6506996405724
4931467,70434,176487085,144772,2465.7335,35.217,88243.5425,72.386,0.027942367567575836,0.4865167297543724,1219.0691915563782
205330201,242975,190894601,228811,102665.1005,121.4875,95447.3005,114.4055,1.0756207872007864,1.0619026183181752,834.2894397559558
207054080,254345,210846071,241956,103527.04,127.1725,105423.0355,120.978,0.982015358493448,1.05120352460778,871.4231967795797
208943279,268114,233971193,258086,104471.6395,134.057,116985.5965,129.043,0.8930299338175363,1.0388552652991638,906.562901513449
326942,4062,9163764,33448,163.471,2.031,4581.882,16.724,0.035677697505086335,0.12144223869887587,273.9704616120545
204694602,237997,182469071,223633,102347.301,118.9985,91234.5355,111.8165,1.1218043741780217,1.0642302343571834,815.930882293758
203065737,227103,163605298,210798,101532.8685,113.5515,81802.649,105.399,1.2411929166254752,1.0773489312042808,776.1235780225619
200204369,207091,129320562,187483,100102.1845,103.5455,64660.281,93.7415,1.5481247985915805,1.1045854824170724,689.7722033464368
203440048,230351,168929151,214518,101720.024,115.1755,84464.5755,107.259,1.2042921354645297,1.0738073261917416,787.4824070707353
202867134,225669,161278140,209008,101433.567,112.8345,80639.07,104.504,1.2578712403305246,1.0797146520707341,771.6362053127153
202896728,226442,162208085,209953,101448.364,113.221,81104.0425,104.9765,1.2508422622707123,1.0785366248636599,772.5923659104657
204431505,236739,179955837,221920,102215.7525,118.3695,89977.9185,110.96,1.1360093032158773,1.0667763157894736,810.9040960706561
205242656,242855,191291643,228997,102621.328,121.4275,95645.8215,114.4985,1.0729305932094482,1.060516076629825,835.3456289820391
207033042,254515,210690933,242220,103516.521,127.2575,105345.4665,121.11,0.9826385931852132,1.0507596399966972,869.8329328709438
209063492,267709,233266748,257160,104531.746,133.8545,116633.374,128.58,0.8962421510673266,1.0410211541452792,907.0879919116503
7077427,101403,253288025,196353,3538.7135,50.7015,126644.0125,98.1765,0.02794220926946704,0.516432140074254,1289.9625928811886
212321885,289992,272237026,283270,106160.9425,144.996,136118.513,141.635,0.779915532136323,1.0237300102375826,961.0513856038409
301733,3367,9001391,32533,150.8665,1.6835,4500.6955,16.2665,0.0335207080772294,0.1034949128577137,276.6849352964682
205944078,246367,197340386,232995,102972.039,123.1835,98670.193,116.4975,1.0435982323456081,1.0573917895233804,846.97262173008
203595205,230193,169409509,214546,101797.6025,115.0965,84704.7545,107.273,1.201793253529824,1.072930746786237,789.6185852917323
200162904,207308,129538601,187587,100081.452,103.654,64769.3005,93.7935,1.545198901754389,1.1051298863993773,690.5521224818351
203514468,229877,169237846,213959,101757.234,114.9385,84618.923,106.9795,1.2025352059846,1.0743974312835636,790.9825994699919
202893562,225684,160864465,208816,101446.781,112.842,80432.2325,104.408,1.2612702376500615,1.0807792506321354,770.3646511761551
320520,3794,9048482,32891,160.26,1.897,4524.241,16.4455,0.035422516174536234,0.11535070383995621,275.1051047398985
199674169,203192,122912844,183065,99837.0845,101.596,61456.422,91.5325,1.6245183375628343,1.1099445552126295,671.4164040095048
198552171,196714,111476755,175648,99276.0855,98.357,55738.3775,87.824,1.7811082767882864,1.11993304791401,634.6599733558025
197553071,189059,98430631,166491,98776.5355,94.5295,49215.3155,83.2455,2.007028391395764,1.135550870617631,591.2069180916686
200445390,209673,133643657,190688,100222.695,104.8365,66821.8285,95.344,1.499849633716623,1.0995605386809868,700.8498542121162
201039638,214108,141328882,195489,100519.819,107.054,70664.441,97.7445,1.4224950707527708,1.095243210615431,722.9505598780494
202123215,221138,153695995,203855,101061.6075,110.569,76847.9975,101.9275,1.3150844626758167,1.0847808491329622,753.9476343479433
203936072,233306,174917049,218203,101968.036,116.653,87458.5245,109.1015,1.165901626890584,1.0692153636751098,801.6253167921615
205276340,242668,191137011,228896,102638.17,121.334,95568.5055,114.448,1.0739748357789272,1.0601670627708655,835.0386682161331
206980103,254483,210731548,242443,103490.0515,127.2415,105365.774,121.2215,0.9821979905922772,1.0496611574679409,869.2003811205108
209006369,268009,232686685,257970,104503.1845,134.0045,116343.3425,128.985,0.898230893615593,1.0389153777571036,901.9912586734891
210838415,280101,253669124,272068,105419.2075,140.0505,126834.562,136.034,0.8311552138288616,1.029525706808592,932.3739800344032
7665664,110186,271712940,215279,3832.832,55.093,135856.47,107.6395,0.028212362650082104,0.5118288360685436,1262.1432652511392
211586845,300127,284076572,295905,105793.4225,150.0635,142038.286,147.9525,0.7448232830689044,1.014268092800054,960.0262651864618
211791129,303161,289671107,299756,105895.5645,151.5805,144835.5535,149.878,0.7311434377885676,1.011359238847596,966.3563264788695
212139798,304077,291058399,300442,106069.899,152.0385,145529.1995,150.221,0.7288564725459099,1.0120988410408664,968.7673461100645
212157104,304399,291249759,300839,106078.552,152.1995,145624.8795,150.4195,0.7284370113418703,1.0118335721099991,968.1250070635789
212311954,304386,290916948,300103,106155.977,152.193,145458.474,150.0515,0.7298026308181949,1.0142717666934353,969.3903359846453
757727,10217,26120406,48168,378.8635,5.1085,13060.203,24.084,0.029009005449609014,0.21211177545258264,542.2771549576482
205863809,261668,214524782,250963,102931.9045,130.834,107262.391,125.4815,0.9596271679231912,1.0426556902810376,854.806413694449
428873,5207,14657392,40054,214.4365,2.6035,7328.696,20.027,0.029259843770296928,0.12999950067408997,365.94077994707146
199563990,205765,119456027,185282,99781.995,102.8825,59728.0135,92.641,1.6706062892917073,1.1105504042486587,644.7254833173217
201631708,221064,146366730,203361,100815.854,110.532,73183.365,101.6805,1.3775788254612233,1.0870520896337055,719.7384454246389
3209695,45548,115131276,107193,1604.8475,22.774,57565.638,53.5965,0.027878567071557513,0.4249158060694262,1074.0559178304554
869738,11695,30791576,50035,434.869,5.8475,15395.788,25.0175,0.028245972210061608,0.23373638453082843,615.4007394823624
3213763,45897,114713396,105719,1606.8815,22.9485,57356.698,52.8595,0.02801558590419553,0.43414145044883135,1085.0783302906761
197943363,208026,125751056,188644,98971.6815,104.013,62875.528,94.322,1.5740890716655294,1.1027437925404466,666.6051186361613
199218528,216838,140552898,198866,99609.264,108.419,70276.449,99.433,1.417391820693729,1.0903724115736224,706.771886597005
202417375,238264,178433875,224186,101208.6875,119.132,89216.9375,112.093,1.134411136898753,1.0627960711195168,795.918902161598
385775,4954,12734175,39383,192.8875,2.477,6367.0875,19.6915,0.030294463520408665,0.12579031561841403,323.34192418048394
202204589,224115,152288415,207424,101102.2945,112.0575,76144.2075,103.712,1.3277739413073542,1.080468026843567,734.1889800601666
213089416,323780,328349994,324589,106544.708,161.89,164174.997,162.2945,0.6489703666630796,0.9975076173252945,1011.5869422562071
211256337,304966,295755959,302602,105628.1685,152.483,147877.9795,151.301,0.7142927490431393,1.007812241822592,977.376088062868
210405536,292500,272313669,287386,105202.768,146.25,136156.8345,143.693,0.7726587386254195,1.0177948821445721,947.553704773371
211732252,301634,287497929,297941,105866.126,150.817,143748.9645,148.9705,0.7364653120683871,1.0123950715074461,964.9491979955764
209040759,281739,253239759,274683,104520.3795,140.8695,126619.8795,137.3415,0.8254657950452401,1.0256877928375618,921.9345900547177
206599344,265116,225608609,255798,103299.672,132.558,112804.3045,127.899,0.9157422888946583,1.0364271808223677,881.9795659074739
206055613,262030,219724571,251709,103027.8065,131.015,109862.2855,125.8545,0.9377904895306406,1.0410036987155802,872.9309281749958
205852088,261953,219874182,251928,102926.044,130.9765,109937.091,125.964,0.936226737161892,1.0397931154933155,872.7659569400781
207212976,270910,234954995,262034,103606.488,135.455,117477.4975,131.017,0.8819262429385679,1.033873466802018,896.6584298220841
191173864,146073,18206920,116991,95586.932,73.0365,9103.46,58.4955,10.500066128702713,1.248583224350591,155.62667213717293
329585,4239,10561217,37917,164.7925,2.1195,5280.6085,18.9585,0.031207104257018864,0.11179681936862093,278.53514254819737
198210131,195613,103198996,173904,99105.0655,97.8065,51599.498,86.952,1.9206594897492995,1.1248332413285491,593.4250851044254
189083074,143604,15933872,114123,94541.537,71.802,7966.936,57.0615,11.86673735046949,1.258326542414763,139.62016420879226
191414416,161929,47832777,135482,95707.208,80.9645,23916.3885,67.741,4.001741650918574,1.1952067433312175,353.0563248254381
1533586,21783,55620903,67568,766.793,10.8915,27810.4515,33.784,0.027572116188045347,0.32238633672744493,823.1840960217854
190983906,160885,45907257,134209,95491.953,80.4425,22953.6285,67.1045,4.160211663267095,1.1987646134014858,342.0579618356444
192526608,169750,60140536,144121,96263.304,84.875,30070.268,72.0605,3.201278551957036,1.177829740287675,417.2919699419238
383922,4814,12355554,37754,191.961,2.407,6177.777,18.877,0.03107282765305384,0.12750966784976425,327.26476664724265
11781788,170663,421644298,315210,5890.894,85.3315,210822.149,157.605,0.027942481508430123,0.5414263506868436,1337.6615526157166
204834191,241097,181224975,226023,102417.0955,120.5485,90612.4875,113.0115,1.1302757304836157,1.0666923277719524,801.7988213588883
215731660,338474,351603520,340557,107865.83,169.237,175801.76,170.2785,0.6135651315436205,0.9938835495966901,1032.4366258805428
306319,3356,10389491,36477,153.1595,1.678,5194.7455,18.2385,0.029483542552758358,0.09200318008608165,284.823066589906
204550808,252293,202913604,240688,102275.404,126.1465,101456.802,120.344,1.0080684782475207,1.0482159476168318,843.0565877816924
204657894,252949,204487351,241635,102328.947,126.4745,102243.6755,120.8175,1.0008340026860634,1.046822687110725,846.2654458170381
199212206,215602,139383389,197711,99606.103,107.801,69691.6945,98.8555,1.429239218742199,1.0904906656685769,704.98550409436
202749797,240339,182899431,226694,101374.8985,120.1695,91449.7155,113.347,1.108531589690949,1.0601912710526085,806.811962381007
202809088,240288,183016945,227027,101404.544,120.144,91508.4725,113.5135,1.1081437732446031,1.0584115545728041,806.146163231686
306213,3556,10363585,36642,153.1065,1.778,5181.7925,18.321,0.02954701486020523,0.09704710441569783,282.8334970798537
199520640,218474,144595191,201321,99760.32,109.237,72297.5955,100.6605,1.3798566786360136,1.0852022392100178,718.2320324258274
198716626,212792,134968559,194673,99358.313,106.396,67484.2795,97.3365,1.4723179047944048,1.093074026701186,693.3090824099901
197129358,201698,115186032,181568,98564.679,100.849,57593.016,90.784,1.7113998509819315,1.1108675537539654,634.3961050405358
200266426,223246,153000766,206899,100133.213,111.623,76500.383,103.4495,1.3089243357121494,1.0790095650534801,739.4949516430722
200255648,223747,153039753,207157,100127.824,111.8735,76519.8765,103.5785,1.3085204600402094,1.080084187355484,738.7621610662444
200867352,227297,158941212,211357,100433.676,113.6485,79470.606,105.6785,1.2637839454753874,1.0754174217082946,752.0035390358493
202385108,237532,177703475,223465,101192.554,118.766,88851.7375,111.7325,1.1388922360691034,1.062949455171951,795.2183787170251
203626979,245995,191628495,232705,101813.4895,122.9975,95814.2475,116.3525,1.0626132559252213,1.0571109344448981,823.482499301691
5846670,84007,209316070,171674,2923.335,42.0035,104658.035,85.837,0.02793225575083652,0.4893402611927257,1219.264827521931
201450267,261055,223074968,251861,100725.1335,130.5275,111537.484,125.9305,0.9030608355842059,1.0365042622716498,885.706671537078
208829998,282699,254050094,274877,104414.999,141.3495,127025.047,137.4385,0.8220032305912077,1.0284563641192241,924.231907362202
316755,3874,10384842,37052,158.3775,1.937,5192.421,18.526,0.03050166771916222,0.10455575947317283,280.27750188923676
203747382,246545,191502402,233524,101873.691,123.2725,95751.201,116.762,1.063941652282774,1.0557587228721672,820.054478340556
4217689,60444,151278211,131275,2108.8445,30.222,75639.1055,65.6375,0.027880346892785506,0.4604380118072748,1152.376393067987
197925804,207014,124713255,187782,98962.902,103.507,62356.6275,93.891,1.5870470544610515,1.1024166320520603,664.1384957024635
201064317,229625,163223777,214077,100532.1585,114.8125,81611.8885,107.0385,1.2318322777201756,1.0726280730765099,762.4535891291451
200586300,225114,155587615,208522,100293.15,112.557,77793.8075,104.261,1.2892176539887188,1.0795695418229252,746.1448432299709
867958,12200,31422277,49815,433.979,6.1,15711.1385,24.9075,0.02762237758899522,0.24490615276523137,630.7794238683127
4018145,57386,143862898,127078,2009.0725,28.693,71931.449,63.539,0.02793037715672876,0.45158091880577284,1132.0834290750563
200672820,226656,158344494,210521,100336.41,113.328,79172.247,105.2605,1.26731795296905,1.0766431852404272,752.1553384222951
201929040,236101,175244545,221678,100964.52,118.0505,87622.2725,110.839,1.1522700464085773,1.0650628388924477,790.5364763305334
187699644,161576,51879419,136518,93849.822,80.788,25939.7095,68.259,3.6179981892241315,1.183550887062512,380.01889128173576
317969,4003,10515897,37679,158.9845,2.0015,5257.9485,18.8395,0.03023698311232984,0.10623954988189707,279.0917221794634
199151388,217011,142630053,199995,99575.694,108.5055,71315.0265,99.9975,1.3962792820388281,1.0850821270531763,713.1680942023551
199710466,209110,126654375,190128,99855.233,104.555,63327.1875,95.064,1.5768145869418249,1.0998380038710762,666.153196793739
198262731,209962,130189199,191627,99131.3655,104.981,65094.5995,95.8135,1.5228815640842832,1.0956806713041483,679.3885986839016
201655765,233093,169835926,218278,100827.8825,116.5465,84917.963,109.139,1.1873563488563663,1.067872163021468,778.0716609094824
201065480,228586,162326180,213304,100532.74,114.293,81163.09,106.652,1.2386509680693527,1.0716442260810861,761.0086074335221
201085845,229464,163192071,214073,100542.9225,114.732,81596.0355,107.0365,1.232203524152837,1.0718960354645377,762.3197273827152
202666376,239664,180819671,226038,101333.188,119.832,90409.8355,113.019,1.1208204001211792,1.0602818995036234,799.9525345295924
203490199,246028,192270501,233104,101745.0995,123.014,96135.2505,116.552,1.0583537149050233,1.0554430640400851,824.8271200837395
205176259,257544,211499168,246367,102588.1295,128.772,105749.584,123.1835,0.9701043315688126,1.0453672772733362,858.4719869138318
207191089,270995,234112388,261870,103595.5445,135.4975,117056.194,130.935,0.8850069437589949,1.0348455340436093,894.0023217627067
6500657,93636,232019237,186420,3250.3285,46.818,116009.6185,93.21,0.028017750097161124,0.5022851625362086,1244.6048546293316
209408708,285812,260927284,279225,104704.354,142.906,130463.642,139.6125,0.8025558109132045,1.0235902945653148,934.4696355985317
335277,4574,10256177,37542,167.6385,2.287,5128.0885,18.771,0.032690250958032414,0.1218368760321773,273.1920782057429
203228819,243588,186888935,230110,101614.4095,121.794,93444.4675,115.055,1.08743098675157,1.0585719873104167,812.1721567945765
201705874,233238,169738908,218361,100852.937,116.619,84869.454,109.1805,1.188330220670443,1.0681302979927734,777.3316114141262
198435778,210058,130645519,191607,99217.889,105.029,65322.7595,95.8035,1.5188869814968549,1.0962960643400292,681.8410548675153
201771940,233279,170207520,218425,100885.97,116.6395,85103.76,109.2125,1.1854466829667691,1.0680050360535653,779.2492617603297
201097632,228668,161859961,212912,100548.816,114.334,80929.9805,106.456,1.2424174005577575,1.0740024047493801,760.2200016908394
293749,3512,10236102,36363,146.8745,1.756,5118.051,18.1815,0.02869734983101966,0.09658169017957814,281.4977312102962
197809643,206507,123826272,187457,98904.8215,103.2535,61913.136,93.7285,1.5974771735032127,1.1016233056114202,660.5582720303856
196843969,199922,112618995,179524,98421.9845,99.961,56309.4975,89.762,1.7478753828339526,1.1136226911165081,627.3199962122056
195739657,192178,99498166,170775,97869.8285,96.089,49749.083,85.3875,1.9672689946867965,1.1253286488069096,582.6272346654955
198793256,212829,134753937,194786,99396.628,106.4145,67376.9685,97.393,1.47523152514646,1.0926298604622509,691.8050424568501
199229991,217202,142221793,200000,99614.9955,108.601,71110.8965,100.0,1.4008401019104013,1.08601,711.108965
200346660,223943,154529753,207923,100173.33,111.9715,77264.8765,103.9615,1.296492462522735,1.0770477532548106,743.2066341866941
202004103,236247,175663896,222226,101002.0515,118.1235,87831.948,111.113,1.1499466173743522,1.063093427411734,790.474093940403
203357349,245487,191929075,233009,101678.6745,122.7435,95964.5375,116.5045,1.0595442561269053,1.053551579552721,823.6981189567784
205216038,257774,211598072,246713,102608.019,128.887,105799.036,123.3565,0.9698388839762208,1.0448334704697362,857.668918946306
207254542,271452,233687535,262374,103627.271,135.726,116843.7675,131.187,0.8868874499446451,1.0345994648860024,890.6657481305313
209032268,283341,254643037,276440,104516.134,141.6705,127321.5185,138.22,0.8208835021080902,1.0249638257849805,921.1511973665172
7614744,109647,268500791,205029,3807.372,54.8235,134250.3955,102.5145,0.028360229300032118,0.5347877617312673,1309.5746991888952
160426392,261659,279540359,265412,80213.196,130.8295,139770.1795,132.706,0.573893489204541,0.9858597199825178,1053.2318018778353
160746624,265016,285191295,269485,80373.312,132.508,142595.6475,134.7425,0.5636449177033962,0.9834165166892406,1058.2826316863648
161058932,265996,286497038,270165,80529.466,132.998,143248.519,135.0825,0.5621661331102488,0.984568689504562,1060.452086687765
161060203,265774,286906080,270252,80530.1015,132.887,143453.04,135.126,0.5613690828719977,0.9834302798869203,1061.6242618000977
161069762,265622,286411981,269703,80534.881,132.811,143205.9905,134.8515,0.5623708946728734,0.984868540579823,1061.9532634045597
276166,2956,7458171,27298,138.083,1.478,3729.0855,13.649,0.0370286495174219,0.10828632134222288,273.2130925342516
153321719,212688,192411350,208624,76660.8595,106.344,96205.675,104.312,0.7968434242574568,1.0194800214740394,922.287704195107
400531,4814,11773303,30111,200.2655,2.407,5886.6515,15.0555,0.0340202745142973,0.15987512869051176,390.99674537544416
145160688,143027,73568503,126699,72580.344,71.5135,36784.2515,63.3495,1.9731363570086509,1.1288723667905824,580.6557510319734
146921954,155283,95153493,141160,73460.977,77.6415,47576.7465,70.58,1.544052134796565,1.1000495891187305,674.0825517143667
1787801,24653,60409401,62750,893.9005,12.3265,30204.7005,31.375,0.029594748009502694,0.3928764940239044,962.6996175298805
285847,3084,7345749,26702,142.9235,1.542,3672.8745,13.351,0.03891325445505965,0.11549696651936185,275.10107857089355
1734077,24048,59404606,61952,867.0385,12.024,29702.303,30.976,0.0291909519608631,0.3881714876033058,958.8811660640496
141326269,130720,55156945,113184,70663.1345,65.36,27578.4725,56.592,2.5622570104272455,1.1549335595137122,487.3210436104043
141417065,131844,56887405,114552,70708.5325,65.922,28443.7025,57.276,2.4859116881847574,1.1509532788602557,496.60769781409317
143461511,145870,81501552,131032,71730.7555,72.935,40750.776,65.516,1.7602304186796345,1.1132395140118445,621.9973136333109
353344,3997,9628733,28372,176.672,1.9985,4814.3665,14.186,0.03669683228312593,0.1408783307486254,339.3744889327506
145028329,143348,74511910,127590,72514.1645,71.674,37255.955,63.795,1.946377820673232,1.1235049768790657,583.9949055568618
143477617,146168,81859750,131469,71738.8085,73.084,40929.875,65.7345,1.7527248372979394,1.111805824947326,622.6543900082909
143361366,144459,79092775,129603,71680.683,72.2295,39546.3875,64.8015,1.8125722102935444,1.1146269762274021,610.2696311042183
145963139,163210,110650724,151026,72981.5695,81.605,55325.362,75.513,1.3191340618792518,1.080674850687961,732.6600982612265
147092970,170941,123839625,160005,73546.485,85.4705,61919.8125,80.0025,1.18776982730689,1.0683478641292459,773.9734695790756
148306444,179555,139325635,170239,74153.222,89.7775,69662.8175,85.1195,1.064459128429596,1.0547230658074824,818.4119678804504
150267450,193189,163250667,186226,75133.725,96.5945,81625.3335,93.113,0.9204706649069924,1.03739005294642,876.6266096033852
152071535,205168,183491143,199945,76035.7675,102.584,91745.5715,99.9725,0.8287677133277218,1.0261221836004901,917.708084723299
153895371,218198,205273854,214976,76947.6855,109.099,102636.927,107.488,0.7497076125437777,1.0149877195593926,954.8687016225067
156017277,232247,230163721,231400,78008.6385,116.1235,115081.8605,115.7,0.6778534702260918,1.0036603284356094,994.6573941227311
140030003,107760,13787896,86716,70015.0015,53.88,6893.948,43.358,10.156009517333175,1.2426772452603903,159.00059965865583
281229,3177,7401735,27120,140.6145,1.5885,3700.8675,13.56,0.03799501062926462,0.11714601769911505,272.9253318584071
147233424,157783,98794502,143802,73616.712,78.8915,49397.251,71.901,1.4902997739692032,1.097223960723773,687.0175797276811
137867843,105117,11327360,83621,68933.9215,52.5585,5663.68,41.8105,12.17122462780383,1.2570646129560756,135.460709630356
140456861,124570,43910143,106013,70228.4305,62.285,21955.0715,53.0065,3.198733855182389,1.1750445700055654,414.1958344731307
1546704,21389,52420589,57234,773.352,10.6945,26210.2945,28.617,0.02950565854954434,0.3737114302687214,915.8994478806304
140191541,122845,41331165,104077,70095.7705,61.4225,20665.5825,52.0385,3.3919087690850236,1.180328026365095,397.12102577899054
141380711,131228,55770019,113854,70690.3555,65.614,27885.0095,56.927,2.5350665740314704,1.1525989425053138,489.8380294060815
369258,4272,9603030,28515,184.629,2.136,4801.515,14.2575,0.03845223851221958,0.1498158863755918,336.77117306680697
1373262,19273,46274424,53565,686.631,9.6365,23137.212,26.7825,0.029676479603506247,0.3598058433678708,863.892915149818
143772532,134412,58935048,116762,71886.266,67.206,29467.524,58.381,2.4395081853500824,1.1511621931792877,504.74510542813584
141982129,136466,64441292,119832,70991.0645,68.233,32220.646,59.916,2.2032787455596017,1.138811002069564,537.7636357567261
296516,3429,7355397,27052,148.258,1.7145,3677.6985,13.526,0.040312711876734866,0.12675587756912612,271.89845482773916
142608314,139705,71054153,124027,71304.157,69.8525,35527.0765,62.0135,2.0070369989492383,1.1264079595571932,572.8926201552888
142667244,140357,72195857,124785,71333.622,70.1785,36097.9285,62.3925,1.9761140033284736,1.124790639900629,578.5619826100893
142525383,139620,70093612,123710,71262.6915,69.81,35046.806,61.855,2.0333576617509737,1.1286072265782878,566.5961684584917
144744322,155058,96937999,141806,72372.161,77.529,48468.9995,70.903,1.4931639139776343,1.0934516169978703,683.5958915701733
145595975,160715,106801870,148214,72797.9875,80.3575,53400.935,74.107,1.3632343235188673,1.0843442589768848,720.5923192141094
270570,3322,7388538,27156,135.285,1.661,3694.269,13.578,0.036620235288767546,0.12233024009427014,272.07755192222714
144709440,154665,96742298,141486,72354.72,77.3325,48371.149,70.743,1.4958238846052634,1.0931470251473645,683.7588029911086
144854178,155286,97448246,141987,72427.089,77.643,48724.123,70.9935,1.4864729119906375,1.0936635044053329,686.3180854585279
144360509,152522,91994558,138750,72180.2545,76.261,45997.279,69.375,1.5692287906856404,1.0992576576576576,663.0238414414414
147375687,173184,127648517,162741,73687.8435,86.592,63824.2585,81.3705,1.1545428843485899,1.0641694471583683,784.3660601815154
148165451,178477,137185450,168876,74082.7255,89.2385,68592.725,84.438,1.080037649765336,1.0568523650489117,812.3442644307065
149322814,185811,149482028,177155,74661.407,92.9055,74741.014,88.5775,0.9989348953708335,1.0488611667748582,843.7923174621095
151072568,197875,170352747,191551,75536.284,98.9375,85176.3735,95.7755,0.8868220246545246,1.0330147062662163,889.3336343845764
152434921,207117,186677574,202060,76217.4605,103.5585,93338.787,101.03,0.8165679344000902,1.0250272196377315,923.8719885182619
5823684,83261,206076814,161012,2911.842,41.6305,103038.407,80.506,0.028259773076654806,0.5171105259235337,1279.8848160385562
156084075,232426,230039751,231425,78042.0375,116.213,115019.8755,115.7125,0.6785091460127689,1.0043253753915955,994.0142638003673
157876821,244274,250093218,244444,78938.4105,122.137,125046.609,122.222,0.6312719003839601,0.9993045441900803,1023.1104792917805
300223,3416,7451583,27446,150.1115,1.708,3725.7915,13.723,0.040289828349224587,0.12446258106827954,271.4997813889091
152655728,208131,187543034,203245,76327.864,104.0655,93771.517,101.6225,0.8139770629923797,1.0240399517823318,922.7436542104357
4597877,65727,162376265,131662,2298.9385,32.8635,81188.1325,65.831,0.028316188945471804,0.49921009858577264,1233.2811669274354
147266634,171960,125836993,161240,73633.317,85.98,62918.4965,80.62,1.170296829963189,1.066484743239891,780.4328516497147
150614896,194580,164606178,187373,75307.448,97.29,82303.089,93.6865,0.9150014770405519,1.0384633858666936,878.4946497094031
149909208,189763,156851776,181832,74954.604,94.8815,78425.888,90.916,0.9557380338492311,1.0436171850939329,862.6192089401205
299213,3295,7432650,27278,149.6065,1.6475,3716.325,13.639,0.04025657067129489,0.1207933132927634,272.4778209546154
3345296,47497,117283409,101083,1672.648,23.7485,58641.7045,50.5415,0.028523181825316827,0.4698811867475243,1160.2683834076947
145694992,161194,107649473,148879,72847.496,80.597,53824.7365,74.4395,1.353420392499274,1.0827181805358714,723.0668730982878
144662411,153806,94647954,139987,72331.2055,76.903,47323.977,69.9935,1.5284261823557221,1.0987163093715846,676.1195968197047
138795134,107024,13683438,85993,69397.567,53.512,6841.719,42.9965,10.14329395872587,1.24456641819683,159.12269603339806
293648,2957,7341904,26697,146.824,1.4785,3670.952,13.3485,0.03999616448267371,0.11076150878375847,275.0085777428175
140697264,126651,47920516,108675,70348.632,63.3255,23960.258,54.3375,2.9360548621805322,1.1654106280193237,440.95252818035425
141171988,115882,27986697,95530,70585.994,57.941,13993.3485,47.765,5.04425327504707,1.213043023134094,292.9623887783942
139643810,119361,35975258,100273,69821.905,59.6805,17987.629,50.1365,3.881662502601093,1.1903603163364016,358.7731293568558
140749104,127127,48668673,108974,70374.552,63.5635,24334.3365,54.487,2.891985651632622,1.1665810193257107,446.6081175326225
141047954,129580,53209225,112223,70523.977,64.79,26604.6125,56.1115,2.6508176730632704,1.1546652646961852,474.1383228037033
142512214,139562,70349978,123625,71256.107,69.781,35174.989,61.8125,2.025760605070836,1.1289140546006067,569.0594782608696
144526441,153334,94153743,139723,72263.2205,76.667,47076.8715,69.8615,1.5350047315697264,1.0974141694638677,673.8600158885796
146876505,169689,122940332,158778,73438.2525,84.8445,61470.166,79.389,1.1946974813765754,1.0687185882175112,774.2907203768784
150037714,191780,159801429,184157,75018.857,95.89,79900.7145,92.0785,0.9389009531322777,1.0413940279218277,867.7456137969233
153378179,214192,198071501,209780,76689.0895,107.096,99035.7505,104.89,0.7743576346200355,1.0210315568691009,944.1867718562303
6569097,94254,233106732,179302,3284.5485,47.127,116553.366,89.651,0.02818064044585379,0.5256717716478344,1300.0788167449332
158744614,250001,260516618,251646,79372.307,125.0005,130258.309,125.823,0.6093454429843704,0.9934630393489267,1035.2503834751992
301823,3561,7371654,27588,150.9115,1.7805,3685.827,13.794,0.040943728503806606,0.12907785993910395,267.20508916920403
153064740,210913,193383508,206405,76532.37,105.4565,96691.754,103.2025,0.7915087567860234,1.0218405561880768,936.9129042416608
150772733,195461,165979040,188546,75386.3665,97.7305,82989.52,94.273,0.9083841730859511,1.0366754001675984,880.3105873367772
147193849,171883,126074998,161130,73596.9245,85.9415,63037.499,80.565,1.1675102227643899,1.0667349345249177,782.4427356792652
150652006,194871,165789553,187943,75326.003,97.4355,82894.7765,93.9715,0.9086942046342329,1.0368622401472787,882.126777799652
150020813,190236,157482501,182342,75010.4065,95.118,78741.2505,91.171,0.9526189389130924,1.0432922749558522,863.6655350933959
292891,3402,7371761,27258,146.4455,1.701,3685.8805,13.629,0.03973148342709429,0.12480739599383667,270.44394306258715
146703135,168027,119411694,156997,73351.5675,84.0135,59705.847,78.4985,1.228549148628609,1.0702561195436855,760.5985719472346
145725845,161694,108135692,149485,72862.9225,80.847,54067.846,74.7425,1.347620219603348,1.0816737465297521,723.388246312339
144665510,154101,95073746,140624,72332.755,77.0505,47536.873,70.312,1.52161365346854,1.0958371259528956,676.0847792695415
147506912,174371,130531139,164158,73753.456,87.1855,65265.5695,82.079,1.1300515197373708,1.0622144519304573,795.1555148089036
148227210,178903,137864431,169484,74113.605,89.4515,68932.2155,84.742,1.0751664437653248,1.0555745675107975,813.4362594699205
149348078,185802,150200496,177362,74674.039,92.901,75100.248,88.681,0.9943247990339525,1.0475862924414474,846.8583800363099
150998339,197815,171427841,191568,75499.1695,98.9075,85713.9205,95.784,0.8808273972254017,1.03260983045185,894.8667888165038
152445554,207425,187585753,202571,76222.777,103.7125,93792.8765,101.2855,0.8126712799985402,1.02396196888992,926.0247172596274
154062961,218956,207083381,215764,77031.4805,109.478,103541.6905,107.882,0.7439658376062539,1.0147939415287073,959.767991880017
156114851,232686,229148738,231663,78057.4255,116.343,114574.369,115.8315,0.6812817402468087,1.004415897230028,989.1468987278936
157817371,244730,249848866,245796,78908.6855,122.365,124924.433,122.898,0.6316513399744628,0.9956630701882863,1016.4887386287816
917219,12385,31910392,50607,458.6095,6.1925,15955.196,25.3035,0.02874358296820672,0.24472899006066354,630.552927460628
210065584,265282,222652460,254797,105032.792,132.641,111326.23,127.3985,0.9434685069277923,1.0411504060094898,873.8425491665914
209851884,263807,220066209,253241,104925.942,131.9035,110033.1045,126.6205,0.9535852185284839,1.0417231017094388,868.9991312623154
209325389,260621,214321510,249135,104662.6945,130.3105,107160.755,124.5675,0.9766886627478502,1.0461035181728782,860.2625484175246
214083655,291638,267506114,285329,107041.8275,145.819,133753.057,142.6645,0.8002944373824668,1.0221113171111245,937.5356658453925
214809378,296304,274839617,290059,107404.689,148.152,137419.8085,145.0295,0.7815808373797872,1.0215301024963888,947.5300438876228
305462,3272,10252622,35923,152.731,1.636,5126.311,17.9615,0.02979354939643732,0.09108370681735935,285.40550622164074
208398073,251899,196559865,239282,104199.0365,125.9495,98279.9325,119.641,1.0602269847916308,1.0527285796675052,821.4569629140512
406705,5012,14131483,37456,203.3525,2.506,7065.7415,18.728,0.02878006505049753,0.1338103374626228,377.28222447671936
200236809,182587,78064710,157576,100118.4045,91.2935,39032.355,78.788,2.565010604663746,1.1587234096562928,495.4098974463116
201896972,194780,99291380,172022,100948.486,97.39,49645.69,86.011,2.033378647773855,1.1322970317750056,577.2016369999186
812552,11030,28920608,46895,406.276,5.515,14460.304,23.4475,0.028095951509733128,0.23520631197355796,616.7098411344493
292313,3351,10161440,35284,146.1565,1.6755,5080.72,17.642,0.028766887370293974,0.0949722253712731,287.99002380682464
793260,10642,27972579,46855,396.63,5.321,13986.2895,23.4275,0.02835848635908759,0.2271262405292925,597.0030733112795
195916310,167050,53364649,140163,97958.155,83.525,26682.3245,70.0815,3.6712751544566515,1.1918266589613522,380.7327825460357
196327697,169233,57384511,142705,98163.8485,84.6165,28692.2555,71.3525,3.4212663587914864,1.185893977085596,402.11983462387445
198164678,183183,82027563,159463,99082.339,91.5915,41013.7815,79.7315,2.415830371554498,1.1487492396355268,514.3987194521613
349453,4192,12467945,37142,174.7265,2.096,6233.9725,18.571,0.02802811529887243,0.11286414301868504,335.68318884281945
200185624,182757,78870619,158190,100092.812,91.3785,39435.3095,79.095,2.5381520588801263,1.1553005879006257,498.5815727922119
198632348,185611,86337243,162565,99316.174,92.8055,43168.6215,81.2825,2.300656600767296,1.141764832528527,531.0936732999108
198402275,184219,83577077,160528,99201.1375,92.1095,41788.5385,80.264,2.373883870095146,1.1475817302900428,520.638623791488
200839684,202492,115071426,181543,100419.842,101.246,57535.713,90.7715,1.7453480067241018,1.115394149044579,633.8521782718144
202190171,210312,128148295,190830,101095.0855,105.156,64074.1475,95.415,1.5777827633211976,1.1020908662160038,671.5311795839228
203408041,219189,143813773,201214,101704.0205,109.5945,71906.8865,100.607,1.4143849838360056,1.089332750206248,714.73045116145
205490849,233141,167798774,217422,102745.4245,116.5705,83899.387,108.711,1.2246266411934572,1.072297191636541,771.7653871273376
207235837,244718,187987103,230632,103617.9185,122.359,93993.5515,115.316,1.1023939073096944,1.0610756529883103,815.0954897845919
208972820,257617,209671401,245655,104486.41,128.8085,104835.7005,122.8275,0.9966682103678984,1.0486943070566446,853.5197777370703
211149884,272017,234305231,262269,105574.942,136.0085,117152.6155,131.1345,0.9011744343001885,1.0371679458876193,893.3775284154818
194980885,147338,18149949,117466,97490.4425,73.669,9074.9745,58.733,10.742778671168718,1.254303372890879,154.51236102361534
322837,3830,10281167,36275,161.4185,1.915,5140.5835,18.1375,0.031400812767655654,0.10558235699517574,283.42293590627156
202351801,196785,103160406,174143,101175.9005,98.3925,51580.203,87.0715,1.9615258299778309,1.1300195816082186,592.3890480811747
193091956,144814,15793278,114682,96545.978,72.407,7896.639,57.341,12.2262114299514,1.2627439354039867,137.71366038262326
195395989,163624,48299479,136585,97697.9945,81.812,24149.7395,68.2925,4.0455092486608395,1.1979646374052788,353.62213273785557
1417492,19623,50126279,61236,708.746,9.8115,25063.1395,30.618,0.02827842058653506,0.3204487556339408,818.5753315043438
195242024,162251,45820844,135013,97621.012,81.1255,22910.422,67.5065,4.260987073917713,1.201743535807663,339.3809781280321
196496697,170670,60210019,144431,98248.3485,85.335,30105.0095,72.2155,3.2635215909830553,1.1816715248111556,416.877394742126
340395,3896,12379057,36585,170.1975,1.948,6189.5285,18.2925,0.027497651880914676,0.10649173158398251,338.3642749760831
1377072,19433,48725498,61457,688.536,9.7165,24362.749,30.7285,0.028261835312591365,0.31620482613860096,792.8388629448232
198804093,173808,63286228,147487,99402.0465,86.904,31643.114,73.7435,3.1413484304989705,1.1784631865859363,429.0969915992596
196954653,175383,68723634,150392,98477.3265,87.6915,34361.817,75.196,2.8658940387232725,1.1661724027873823,456.9633624128943
289003,3122,10200826,35239,144.5015,1.561,5100.413,17.6195,0.02833133316851008,0.08859502256023156,289.4754675217798
197474873,179438,75452414,155078,98737.4365,89.719,37726.207,77.539,2.617210802559611,1.1570822424844271,486.5449257792853
197724224,179912,76620125,155683,98862.112,89.956,38310.0625,77.8415,2.580578196655252,1.15563035141923,492.15473108817275
197562539,178726,74481750,154140,98781.2695,89.363,37240.875,77.07,2.652495933567619,1.1595043466978072,483.208446866485
199862701,194571,101134451,172362,99931.3505,97.2855,50567.2255,86.181,1.9762078997195525,1.1288509068124064,586.7560773256287
200691857,200416,111242045,179242,100345.9285,100.208,55621.0225,89.621,1.8041007516537475,1.1181307952377233,620.624881445197
19481482,282370,693919085,498966,9740.741,141.185,346959.5425,249.483,0.028074572988578343,0.5659103025055815,1390.7141668971433
222945031,353356,374396302,357029,111472.5155,176.678,187198.151,178.5145,0.5954787208341604,0.9897123202877077,1048.6439532923096
231985829,414648,480241336,428377,115992.9145,207.324,240120.668,214.1885,0.48306093542934836,0.9679511271613556,1121.0717101991936
243164185,493631,613835733,520246,121582.0925,246.8155,306917.8665,260.123,0.3961388559306957,0.9488415095935384,1179.8951515244712
239309057,465071,566330826,487633,119654.5285,232.5355,283165.413,243.8165,0.42256053531509513,0.9537315973283186,1161.3874081532629
243381314,494732,616649876,522185,121690.657,247.366,308324.938,261.0925,0.3946831475564912,0.947426678284516,1180.9030822409682
245429599,506641,636311172,535168,122714.7995,253.3205,318155.586,267.584,0.38570688336114894,0.9466952433628318,1188.9933105118394
243256137,489970,607483558,516183,121628.0685,244.985,303741.779,258.0915,0.40043246240419234,0.9492176224323544,1176.8763364930655
241273944,475383,583312214,498958,120636.972,237.6915,291656.107,249.479,0.4136274506331527,0.9527515341972671,1169.0607506042593
14880521,214904,532327268,389980,7440.2605,107.452,266163.634,194.99,0.027953707981008404,0.5510641571362634,1365.0117134212012
230620435,405217,462234984,417119,115310.2175,202.6085,231117.492,208.5595,0.4989246659876354,0.9714661763189881,1108.1609420812765
225762527,369202,401039484,374827,112881.2635,184.601,200519.742,187.4135,0.5629433908806845,0.9849930768060999,1069.9322193972152
268478,3313,10229068,35731,134.239,1.6565,5114.534,17.8655,0.026246574956780032,0.09272060675603817,286.2799249951023
210465535,265846,223383425,254957,105232.7675,132.923,111691.7125,127.4785,0.9421716718686716,1.042709162721557,876.1611761983394
4871349,69582,174554804,146628,2435.6745,34.791,87277.402,73.314,0.027907275470917432,0.4745478353384074,1190.460239517691
202326469,211484,130229579,192199,101163.2345,105.742,65114.7895,96.0995,1.5536137838547417,1.1003387114397056,677.5767771944703
205666394,233782,168853469,217933,102833.197,116.891,84426.7345,108.9665,1.218016989630222,1.07272418587364,774.7953224156048
204652494,229194,161232656,212556,102326.247,114.597,80616.328,106.278,1.2692992789252322,1.0782758426014791,758.5420124578934
313717,3539,10283283,35946,156.8585,1.7695,5141.6415,17.973,0.03050747509331407,0.09845323540866856,286.0758637956935
3141108,44472,111117285,103418,1570.554,22.236,55558.6425,51.709,0.02826840126628364,0.4300218530623296,1074.4482101761782
200482735,199859,110285897,178418,100241.3675,99.9295,55142.9485,89.209,1.8178456217298573,1.1201728525148809,618.132122319497
199609147,192229,97497387,169975,99804.5735,96.1145,48748.6935,84.9875,2.0473281709590845,1.130925136049419,573.5983938814531
193840372,146238,17942798,116645,96920.186,73.119,8971.399,58.3225,10.803241055269083,1.253701401688885,153.82397873890866
305633,3615,9980346,35194,152.8165,1.8075,4990.173,17.597,0.030623487402140166,0.1027163721088822,283.5808944706484
195669703,165859,52329284,139344,97834.8515,82.9295,26164.642,69.672,3.739200845935519,1.1902844758296016,375.54027442875184
196272849,155562,32429629,126490,98136.4245,77.781,16214.8145,63.245,6.0522693306173805,1.2298363506996601,256.3809708277334
194796554,159061,40338828,131256,97398.277,79.5305,20169.414,65.628,4.8290087654504985,1.211837935027732,307.32940208447616
195771811,166369,53066673,139878,97885.9055,83.1845,26533.3365,69.939,3.689166852423554,1.189386465348375,379.3782653455154
196056678,168826,57379411,142883,98028.339,84.413,28689.7055,71.4415,3.4168471684033146,1.1815681361673538,401.5831904425299
197644528,178993,74771694,154426,98822.264,89.4965,37385.847,77.213,2.6433068107297397,1.1590859052232136,484.1910947638351
199513511,192951,98488234,170758,99756.7555,96.4755,49244.117,85.379,2.0257598587867864,1.129967556424882,576.7708335773434
201983062,209605,127259849,190197,100991.531,104.8025,63629.9245,95.0985,1.587170372958717,1.1020415674274568,669.094933148262
205128085,231488,164321592,215390,102564.0425,115.744,82160.796,107.695,1.248333116198144,1.074738845814569,762.9026045777427
208409384,253257,202260223,240286,104204.692,126.6285,101130.1115,120.143,1.0304022259483023,1.0539815053727641,841.7478463164729
6566445,94651,235904699,188000,3283.2225,47.3255,117952.3495,94.0,0.02783515982443402,0.5034627659574468,1254.8122287234044
213633195,289294,264765192,282443,106816.5975,144.647,132382.596,141.2215,0.806877948669325,1.0242562216093158,937.4110599306763
313359,3755,9787529,34998,156.6795,1.8775,4893.7645,17.499,0.03201615034806027,0.1072918452482999,279.6596662666438
208126579,250375,197320999,237206,104063.2895,125.1875,98660.4995,118.603,1.0547614296236154,1.0555171454347698,831.8550078834431
205802758,234597,170240265,219294,102901.379,117.2985,85120.1325,109.647,1.20889589780655,1.0697830309994802,776.3106377739473
202387667,211674,130436058,192418,101193.8335,105.837,65218.029,96.209,1.5516236085576889,1.1000737976696566,677.8786703946616
205896385,234807,170328407,219228,102948.1925,117.4035,85164.2035,109.614,1.208820000295077,1.0710630029010892,776.9464073932162
205109540,230013,161888090,213571,102554.77,115.0065,80944.045,106.7855,1.2669835069398867,1.07698610766443,758.0059558647944
295737,3702,9996751,35401,147.8685,1.851,4998.3755,17.7005,0.02958331161794467,0.10457331713793395,282.3861190361854
201784842,207692,123946815,188188,100892.421,103.846,61973.4075,94.094,1.627995378501658,1.1036410398112526,658.6329362127234
200632132,200564,112593374,179872,100316.066,100.282,56296.687,89.936,1.7819177529931736,1.1150373599003736,625.9638743106209
199614896,193148,99492666,171210,99807.448,96.574,49746.333,85.605,2.006327742790609,1.1281350388411893,581.1148063781321
202639468,213782,134786358,195170,101319.734,106.891,67393.179,97.585,1.5034122963690435,1.095363016857099,690.6100220320747
203298379,218444,142252963,200251,101649.1895,109.222,71126.4815,100.1255,1.4291328258659892,1.090850982017568,710.3732965128763
204393812,225754,154631581,208772,102196.906,112.877,77315.7905,104.386,1.3218115644824198,1.0813423255992183,740.6720297741076
206144609,237735,175879445,222658,103072.3045,118.8675,87939.7225,111.329,1.172079028336711,1.0677137134080068,789.9084919472914
207489471,247288,191826509,233893,103744.7355,123.644,95913.2545,116.9465,1.0816517074811594,1.0572697772058164,820.1464302052648
209206272,259117,211370383,247177,104603.136,129.5585,105685.1915,123.5885,0.9897615220766288,1.0483054653143293,855.1377474441392
211300116,272681,233592300,263057,105650.058,136.3405,116796.15,131.5285,0.9045679844755157,1.036585226775946,887.9911958244791
212979272,284330,254145290,276596,106489.636,142.165,127072.645,138.298,0.8380217158460815,1.0279613588048995,918.8321233857323
